{
  "detector": "fast_detect",
  "fit_data": {
    "samples": 4000,
    "positives": 2000,
    "field": "content",
    "pos_mean": 2.0111815834045412,
    "pos_std": 1.6906313635929067,
    "neg_mean": 0.6482761497497559,
    "neg_std": 1.146149298436857
  },
  "threshold": 0.97802734375,
  "pos_bigger": true
}